JS判断单、多张图片加载完成,2018-04-26
JS判断单、多张图片加载完成,2018-03-30
JS判断单、多张图片加载完成,2018-03-26
JS判断单、多张图片加载完成,2018-03-24
JS判断单、多张图片加载完成,2018-03-20
JS判断单、多张图片加载完成,2018-03-19
JS判断单、多张图片加载完成,2018-01-08
JS判断单、多张图片加载完成,2017-09-21
JS判断单、多张图片加载完成,2017-09-08
JS判断单、多张图片加载完成,2017-08-13
jQuery事件绑定的最佳实践,2017-08-10
jQuery事件绑定的最佳实践,2017-08-02
jQuery事件绑定的最佳实践,2017-07-24
jQuery事件绑定的最佳实践,2017-07-18
jQuery事件绑定的最佳实践,2017-06-25
jQuery事件绑定的最佳实践,2015-12-17
jQuery事件绑定的最佳实践,2015-12-08
jQuery事件绑定的最佳实践,2015-12-07
jQuery事件绑定的最佳实践,2015-12-03
jQuery事件绑定的最佳实践,2015-11-17
CSS3技巧：fit-content水平居中,2015-11-09
CSS3技巧：fit-content水平居中,2015-10-28
CSS3技巧：fit-content水平居中,2015-10-27
CSS3技巧：fit-content水平居中,2015-10-27
CSS3技巧：fit-content水平居中,2015-10-23
CSS3技巧：fit-content水平居中,2015-10-22
CSS3技巧：fit-content水平居中,2015-10-20
CSS3技巧：fit-content水平居中,2015-10-19
CSS3技巧：fit-content水平居中,2015-09-17
CSS3技巧：fit-content水平居中,2015-09-16
大前端和阿里百秀背后的团队,2015-09-16
大前端和阿里百秀背后的团队,2015-09-10
大前端和阿里百秀背后的团队,2015-08-20
大前端和阿里百秀背后的团队,2015-08-14
大前端和阿里百秀背后的团队,2015-07-30
大前端和阿里百秀背后的团队,2015-07-27
大前端和阿里百秀背后的团队,2015-07-10
大前端和阿里百秀背后的团队,2015-07-02
大前端和阿里百秀背后的团队,2015-06-11
大前端和阿里百秀背后的团队,2015-04-01
互评推广模式将被软硬广告取代,2015-02-28
互评推广模式将被软硬广告取代,2015-02-18
互评推广模式将被软硬广告取代,2014-12-30
互评推广模式将被软硬广告取代,2014-12-02
互评推广模式将被软硬广告取代,2014-12-01
互评推广模式将被软硬广告取代,2014-11-28
互评推广模式将被软硬广告取代,2014-11-27
互评推广模式将被软硬广告取代,2014-11-26
互评推广模式将被软硬广告取代,2014-11-25
互评推广模式将被软硬广告取代,2014-11-24
想好了就去做，当你还敢的时候,2014-11-23
想好了就去做，当你还敢的时候,2014-11-05
想好了就去做，当你还敢的时候,2014-10-22
想好了就去做，当你还敢的时候,2014-10-16
想好了就去做，当你还敢的时候,2014-10-15
想好了就去做，当你还敢的时候,2014-10-13
想好了就去做，当你还敢的时候,2014-04-27
想好了就去做，当你还敢的时候,2014-03-25
想好了就去做，当你还敢的时候,2014-03-08
想好了就去做，当你还敢的时候,2014-02-24
交互设计――夹缝中求生存,2013-12-10
交互设计――夹缝中求生存,2013-11-12
交互设计――夹缝中求生存,2013-11-07
交互设计――夹缝中求生存,2013-11-04
交互设计――夹缝中求生存,2013-10-25
交互设计――夹缝中求生存,2013-10-25
交互设计――夹缝中求生存,2013-10-24
交互设计――夹缝中求生存,2013-10-16
交互设计――夹缝中求生存,2013-10-12
交互设计――夹缝中求生存,2013-10-08
关闭/显示侧边栏简洁版(适用于大前端主题),2013-09-24
关闭/显示侧边栏简洁版(适用于大前端主题),2013-09-10
关闭/显示侧边栏简洁版(适用于大前端主题),2013-08-29
关闭/显示侧边栏简洁版(适用于大前端主题),2013-08-23
关闭/显示侧边栏简洁版(适用于大前端主题),2013-06-05
关闭/显示侧边栏简洁版(适用于大前端主题),2013-03-28
关闭/显示侧边栏简洁版(适用于大前端主题),2013-03-25
关闭/显示侧边栏简洁版(适用于大前端主题),2013-03-05
关闭/显示侧边栏简洁版(适用于大前端主题),2013-01-10
关闭/显示侧边栏简洁版(适用于大前端主题),2012-12-26
推荐25个优秀的报价页面设计,2012-12-22
推荐25个优秀的报价页面设计,2012-12-21
推荐25个优秀的报价页面设计,2012-11-27
推荐25个优秀的报价页面设计,2012-11-14
推荐25个优秀的报价页面设计,2012-11-09
推荐25个优秀的报价页面设计,2012-10-17
推荐25个优秀的报价页面设计,2012-10-10
推荐25个优秀的报价页面设计,2012-09-22
推荐25个优秀的报价页面设计,2012-09-14
推荐25个优秀的报价页面设计,2012-09-13
备案通过 欣喜一下,2012-09-07
备案通过 欣喜一下,2012-09-06
备案通过 欣喜一下,2012-09-03
备案通过 欣喜一下,2012-08-29
备案通过 欣喜一下,2012-08-22
备案通过 欣喜一下,2012-08-09
备案通过 欣喜一下,2012-08-08
备案通过 欣喜一下,2012-08-07
备案通过 欣喜一下,2012-08-06
备案通过 欣喜一下,2012-07-11
主机点评网 是时候给你的主机跳槽啦,2012-06-13
主机点评网 是时候给你的主机跳槽啦,2012-06-05
主机点评网 是时候给你的主机跳槽啦,2012-06-01
主机点评网 是时候给你的主机跳槽啦,2012-05-30
主机点评网 是时候给你的主机跳槽啦,2012-05-22
主机点评网 是时候给你的主机跳槽啦,2012-05-21
主机点评网 是时候给你的主机跳槽啦,2012-05-10
主机点评网 是时候给你的主机跳槽啦,2012-05-09
主机点评网 是时候给你的主机跳槽啦,2012-05-02
主机点评网 是时候给你的主机跳槽啦,2012-05-01
大前端2011年总结,2012-04-23
大前端2011年总结,2012-04-08
大前端2011年总结,2012-03-21
大前端2011年总结,2012-03-19
大前端2011年总结,2012-02-27
大前端2011年总结,2012-02-14
大前端2011年总结,2012-02-08
大前端2011年总结,2012-01-17
大前端2011年总结,2012-01-11
大前端2011年总结,2012-01-04
详细解说：简单CSS3实现炫酷读者墙,2011-12-30
详细解说：简单CSS3实现炫酷读者墙,2011-12-19
详细解说：简单CSS3实现炫酷读者墙,2011-12-08
详细解说：简单CSS3实现炫酷读者墙,2011-11-25
详细解说：简单CSS3实现炫酷读者墙,2011-11-18
详细解说：简单CSS3实现炫酷读者墙,2011-11-15
详细解说：简单CSS3实现炫酷读者墙,2011-11-11
详细解说：简单CSS3实现炫酷读者墙,2011-10-26
详细解说：简单CSS3实现炫酷读者墙,2011-10-18
详细解说：简单CSS3实现炫酷读者墙,2011-10-11
WebRebuild 2011第五届年会 深圳 8月20号,2011-10-09
WebRebuild 2011第五届年会 深圳 8月20号,2011-09-18
WebRebuild 2011第五届年会 深圳 8月20号,2011-09-13
WebRebuild 2011第五届年会 深圳 8月20号,2011-09-07
WebRebuild 2011第五届年会 深圳 8月20号,2011-08-29
WebRebuild 2011第五届年会 深圳 8月20号,2011-08-23
WebRebuild 2011第五届年会 深圳 8月20号,2011-08-22
WebRebuild 2011第五届年会 深圳 8月20号,2011-08-17
WebRebuild 2011第五届年会 深圳 8月20号,2011-08-13
WebRebuild 2011第五届年会 深圳 8月20号,2011-08-11
生活记录-写写有点浮躁的自己,2011-08-11
生活记录-写写有点浮躁的自己,2011-08-10
生活记录-写写有点浮躁的自己,2011-08-09
生活记录-写写有点浮躁的自己,2011-08-04
生活记录-写写有点浮躁的自己,2011-08-04
生活记录-写写有点浮躁的自己,2011-08-02
生活记录-写写有点浮躁的自己,2011-07-29
生活记录-写写有点浮躁的自己,2011-07-29
生活记录-写写有点浮躁的自己,2011-07-27
生活记录-写写有点浮躁的自己,2011-07-19
超级实用的Web工具介绍,2011-07-18
超级实用的Web工具介绍,2011-07-12
超级实用的Web工具介绍,2011-07-11
超级实用的Web工具介绍,2011-07-08
超级实用的Web工具介绍,2011-07-07
超级实用的Web工具介绍,2011-07-07
超级实用的Web工具介绍,2011-07-07
超级实用的Web工具介绍,2011-07-06
超级实用的Web工具介绍,2011-07-05
超级实用的Web工具介绍,2011-07-04
摄影广告绝妙创意,2011-06-28
摄影广告绝妙创意,2011-06-17
摄影广告绝妙创意,2011-06-15
摄影广告绝妙创意,2011-06-09
摄影广告绝妙创意,2011-06-08
摄影广告绝妙创意,2011-06-08
摄影广告绝妙创意,2011-06-07
摄影广告绝妙创意,2011-06-05
摄影广告绝妙创意,2011-06-03
摄影广告绝妙创意,2011-05-31
分享：静态的动态图,2011-05-25
分享：静态的动态图,2011-05-23
分享：静态的动态图,2011-05-21
分享：静态的动态图,2011-05-18
分享：静态的动态图,2011-05-16
分享：静态的动态图,2011-05-16
分享：静态的动态图,2011-05-10
分享：静态的动态图,2011-05-09
分享：静态的动态图,2011-05-02
分享：静态的动态图,2011-04-27
现在起，对懒惰说：戒了！！！,2011-04-22
现在起，对懒惰说：戒了！！！,2011-04-22
现在起，对懒惰说：戒了！！！,2011-04-22
现在起，对懒惰说：戒了！！！,2011-04-21
现在起，对懒惰说：戒了！！！,2011-04-19
现在起，对懒惰说：戒了！！！,2011-04-18
现在起，对懒惰说：戒了！！！,2011-04-15
现在起，对懒惰说：戒了！！！,2011-04-15
现在起，对懒惰说：戒了！！！,2011-04-14
现在起，对懒惰说：戒了！！！,2011-04-11
谷歌浏览器Chrome更换新图标 更简洁,2011-04-11
谷歌浏览器Chrome更换新图标 更简洁,2011-04-11
谷歌浏览器Chrome更换新图标 更简洁,2011-04-07
谷歌浏览器Chrome更换新图标 更简洁,2011-04-06
谷歌浏览器Chrome更换新图标 更简洁,2011-04-06
谷歌浏览器Chrome更换新图标 更简洁,2011-04-01
谷歌浏览器Chrome更换新图标 更简洁,2011-03-28
谷歌浏览器Chrome更换新图标 更简洁,2011-03-24
谷歌浏览器Chrome更换新图标 更简洁,2011-03-23
谷歌浏览器Chrome更换新图标 更简洁,2011-03-22
w3ctech发起活动 C 拥抱html5,2011-03-18
w3ctech发起活动 C 拥抱html5,2011-03-18
w3ctech发起活动 C 拥抱html5,2011-03-17
w3ctech发起活动 C 拥抱html5,2011-03-15
w3ctech发起活动 C 拥抱html5,2011-03-10
w3ctech发起活动 C 拥抱html5,2011-03-10
w3ctech发起活动 C 拥抱html5,2011-03-07
w3ctech发起活动 C 拥抱html5,2011-03-07
w3ctech发起活动 C 拥抱html5,2011-03-07
w3ctech发起活动 C 拥抱html5,2011-03-07
锋利的jQuery-高清PDF书签目录完整版+源码 下载,2011-03-03
锋利的jQuery-高清PDF书签目录完整版+源码 下载,2011-03-03
锋利的jQuery-高清PDF书签目录完整版+源码 下载,2011-03-02
锋利的jQuery-高清PDF书签目录完整版+源码 下载,2011-02-27
锋利的jQuery-高清PDF书签目录完整版+源码 下载,2011-02-26
锋利的jQuery-高清PDF书签目录完整版+源码 下载,2011-02-26
锋利的jQuery-高清PDF书签目录完整版+源码 下载,2011-02-25
锋利的jQuery-高清PDF书签目录完整版+源码 下载,2011-02-25
锋利的jQuery-高清PDF书签目录完整版+源码 下载,2011-02-25
锋利的jQuery-高清PDF书签目录完整版+源码 下载,2011-02-25
W3C官方宣布HTML5标准将在2014年完成,2011-02-24
W3C官方宣布HTML5标准将在2014年完成,2011-02-24
W3C官方宣布HTML5标准将在2014年完成,2011-02-23
W3C官方宣布HTML5标准将在2014年完成,2011-02-22
W3C官方宣布HTML5标准将在2014年完成,2011-02-21
W3C官方宣布HTML5标准将在2014年完成,2011-02-21
W3C官方宣布HTML5标准将在2014年完成,2011-02-18
W3C官方宣布HTML5标准将在2014年完成,2011-02-18
W3C官方宣布HTML5标准将在2014年完成,2011-02-16
W3C官方宣布HTML5标准将在2014年完成,2011-02-16
W3C发布HTML5新logo,2011-02-15
W3C发布HTML5新logo,2011-02-12
W3C发布HTML5新logo,2011-02-11
W3C发布HTML5新logo,2011-02-10
W3C发布HTML5新logo,2011-02-01
W3C发布HTML5新logo,2011-01-31
W3C发布HTML5新logo,2011-01-31
W3C发布HTML5新logo,2011-01-28
W3C发布HTML5新logo,2011-01-27
W3C发布HTML5新logo,2011-01-19
红楼“首席员工”因何遭遇职场滑铁卢,2011-01-19
红楼“首席员工”因何遭遇职场滑铁卢,2011-01-18
红楼“首席员工”因何遭遇职场滑铁卢,2011-01-17
红楼“首席员工”因何遭遇职场滑铁卢,2011-01-11
红楼“首席员工”因何遭遇职场滑铁卢,2011-01-08
红楼“首席员工”因何遭遇职场滑铁卢,2011-01-07
红楼“首席员工”因何遭遇职场滑铁卢,2011-01-04
红楼“首席员工”因何遭遇职场滑铁卢,2011-01-03
红楼“首席员工”因何遭遇职场滑铁卢,2011-01-02
红楼“首席员工”因何遭遇职场滑铁卢,2010-12-30
低碳设计：镂空手表,2010-12-30
低碳设计：镂空手表,2010-12-22
低碳设计：镂空手表,2010-12-20
低碳设计：镂空手表,2010-12-17
低碳设计：镂空手表,2010-12-16
低碳设计：镂空手表,2010-12-16
低碳设计：镂空手表,2010-12-15
低碳设计：镂空手表,2010-12-15
低碳设计：镂空手表,2010-12-14
低碳设计：镂空手表,2010-12-09
用户体验设计：浪费用水，金鱼会死,2010-12-08
用户体验设计：浪费用水，金鱼会死,2010-12-07
用户体验设计：浪费用水，金鱼会死,2010-12-07
用户体验设计：浪费用水，金鱼会死,2010-12-06
用户体验设计：浪费用水，金鱼会死,2010-12-03
用户体验设计：浪费用水，金鱼会死,2010-12-03
用户体验设计：浪费用水，金鱼会死,2010-12-02
用户体验设计：浪费用水，金鱼会死,2010-12-02
用户体验设计：浪费用水，金鱼会死,2010-12-01
用户体验设计：浪费用水，金鱼会死,2010-12-01
IE9最新功能性能大幅提升,2010-11-26
IE9最新功能性能大幅提升,2010-11-25
IE9最新功能性能大幅提升,2010-11-24
IE9最新功能性能大幅提升,2010-11-24
IE9最新功能性能大幅提升,2010-11-24
IE9最新功能性能大幅提升,2010-11-23
IE9最新功能性能大幅提升,2010-11-22
IE9最新功能性能大幅提升,2010-11-22
IE9最新功能性能大幅提升,2010-11-21
IE9最新功能性能大幅提升,2010-11-21
CSS透明技巧概总,2010-11-18
CSS透明技巧概总,2010-11-17
CSS透明技巧概总,2010-11-17
CSS透明技巧概总,2010-11-17
CSS透明技巧概总,2010-11-16
CSS透明技巧概总,2010-11-16
CSS透明技巧概总,2010-11-12
CSS透明技巧概总,2010-11-10
CSS透明技巧概总,2010-11-10
CSS透明技巧概总,2010-11-05
我不是一个简单的web UI,2010-11-05
我不是一个简单的web UI,2010-11-05
我不是一个简单的web UI,2010-11-05
我不是一个简单的web UI,2010-09-15
我不是一个简单的web UI,2010-09-15
我不是一个简单的web UI,2010-09-13
我不是一个简单的web UI,2010-09-13
我不是一个简单的web UI,2010-09-09
我不是一个简单的web UI,2010-09-09
我不是一个简单的web UI,2010-09-08
【推荐】十四点个人提升秘诀,2010-09-08
【推荐】十四点个人提升秘诀,2010-09-07
【推荐】十四点个人提升秘诀,2010-09-06
【推荐】十四点个人提升秘诀,2010-09-04
【推荐】十四点个人提升秘诀,2010-09-03
【推荐】十四点个人提升秘诀,2010-09-02
【推荐】十四点个人提升秘诀,2010-09-01
【推荐】十四点个人提升秘诀,2010-09-01
【推荐】十四点个人提升秘诀,2010-08-31
【推荐】十四点个人提升秘诀,2010-08-30
WEB3.0时代：网络伦理能否终结,2010-08-28
WEB3.0时代：网络伦理能否终结,2010-08-27
WEB3.0时代：网络伦理能否终结,2010-08-26
WEB3.0时代：网络伦理能否终结,2010-08-26
WEB3.0时代：网络伦理能否终结,2010-08-25
WEB3.0时代：网络伦理能否终结,2010-08-24
WEB3.0时代：网络伦理能否终结,2010-08-20
WEB3.0时代：网络伦理能否终结,2010-08-19
WEB3.0时代：网络伦理能否终结,2010-08-19
WEB3.0时代：网络伦理能否终结,2010-08-18
设计师如何提高设计能力,2010-08-18
设计师如何提高设计能力,2010-08-03
设计师如何提高设计能力,2010-08-03
设计师如何提高设计能力,2010-08-02
设计师如何提高设计能力,2010-07-31
设计师如何提高设计能力,2010-07-30
设计师如何提高设计能力,2010-07-29
设计师如何提高设计能力,2010-07-27
设计师如何提高设计能力,2010-07-24
设计师如何提高设计能力,2010-07-23
全球网页平均加载速度为4.9秒,2010-07-22
全球网页平均加载速度为4.9秒,2010-07-21
全球网页平均加载速度为4.9秒,2010-07-20
全球网页平均加载速度为4.9秒,2010-07-19
全球网页平均加载速度为4.9秒,2010-07-16
全球网页平均加载速度为4.9秒,2010-07-15
全球网页平均加载速度为4.9秒,2010-07-14
全球网页平均加载速度为4.9秒,2010-07-13
全球网页平均加载速度为4.9秒,2010-07-12
全球网页平均加载速度为4.9秒,2010-07-12
搜索引擎是你最好的老师,2010-07-10
搜索引擎是你最好的老师,2010-07-09
搜索引擎是你最好的老师,2010-07-08
搜索引擎是你最好的老师,2010-07-08
搜索引擎是你最好的老师,2010-07-07
搜索引擎是你最好的老师,2010-07-06
搜索引擎是你最好的老师,2010-07-05
搜索引擎是你最好的老师,2010-07-05
搜索引擎是你最好的老师,2010-07-03
搜索引擎是你最好的老师,2010-07-03
IE6图片加载的一个BUG,2010-07-02
IE6图片加载的一个BUG,2010-07-02
IE6图片加载的一个BUG,2010-07-01
IE6图片加载的一个BUG,2010-07-01
IE6图片加载的一个BUG,2010-06-30
IE6图片加载的一个BUG,2010-06-30
IE6图片加载的一个BUG,2010-06-29
IE6图片加载的一个BUG,2010-06-28
IE6图片加载的一个BUG,2010-06-28
IE6图片加载的一个BUG,2010-06-26
搜索引擎优化(SEO)设计指南,2010-06-25
搜索引擎优化(SEO)设计指南,2010-06-24
搜索引擎优化(SEO)设计指南,2010-06-23
搜索引擎优化(SEO)设计指南,2010-06-23
搜索引擎优化(SEO)设计指南,2010-06-23
搜索引擎优化(SEO)设计指南,2010-06-22
搜索引擎优化(SEO)设计指南,2010-06-21
搜索引擎优化(SEO)设计指南,2010-06-20
搜索引擎优化(SEO)设计指南,2010-06-19
搜索引擎优化(SEO)设计指南,2010-06-19
网站优化（SEO）的10大误区,2010-06-18
网站优化（SEO）的10大误区,2010-06-18
网站优化（SEO）的10大误区,2010-06-17
网站优化（SEO）的10大误区,2010-06-16
网站优化（SEO）的10大误区,2010-06-14
网站优化（SEO）的10大误区,2010-06-13
网站优化（SEO）的10大误区,2010-06-12
网站优化（SEO）的10大误区,2010-06-12
网站优化（SEO）的10大误区,2010-06-11
网站优化（SEO）的10大误区,2010-06-10
IE9预览版已全面支持HTML5和CSS3,2010-06-09
IE9预览版已全面支持HTML5和CSS3,2010-06-09
IE9预览版已全面支持HTML5和CSS3,2010-06-09
IE9预览版已全面支持HTML5和CSS3,2010-06-08
IE9预览版已全面支持HTML5和CSS3,2010-06-08
IE9预览版已全面支持HTML5和CSS3,2010-06-08
IE9预览版已全面支持HTML5和CSS3,2010-06-07
IE9预览版已全面支持HTML5和CSS3,2010-06-06
IE9预览版已全面支持HTML5和CSS3,2010-06-05
IE9预览版已全面支持HTML5和CSS3,2010-06-04
网页设计10个小窍门,2010-06-03
网页设计10个小窍门,2010-06-03
网页设计10个小窍门,2010-06-03
网页设计10个小窍门,2010-06-02
网页设计10个小窍门,2010-06-02
网页设计10个小窍门,2010-06-02
网页设计10个小窍门,2010-06-02
网页设计10个小窍门,2010-06-01
网页设计10个小窍门,2010-06-01
网页设计10个小窍门,2010-06-01
优秀的Web开发人员是这样炼成的,2010-05-31
优秀的Web开发人员是这样炼成的,2010-05-31
优秀的Web开发人员是这样炼成的,2010-05-27
优秀的Web开发人员是这样炼成的,2010-05-26
优秀的Web开发人员是这样炼成的,2010-05-26
优秀的Web开发人员是这样炼成的,2010-05-26
优秀的Web开发人员是这样炼成的,2010-05-26
优秀的Web开发人员是这样炼成的,2010-05-25
优秀的Web开发人员是这样炼成的,2010-05-25
优秀的Web开发人员是这样炼成的,2010-05-25
做网站须知：术有专攻 业有专精,2010-05-24
做网站须知：术有专攻 业有专精,2010-05-22
做网站须知：术有专攻 业有专精,2010-05-21
做网站须知：术有专攻 业有专精,2010-05-20
做网站须知：术有专攻 业有专精,2010-05-19
做网站须知：术有专攻 业有专精,2010-05-19
做网站须知：术有专攻 业有专精,2010-05-18
做网站须知：术有专攻 业有专精,2010-05-17
做网站须知：术有专攻 业有专精,2010-05-16
做网站须知：术有专攻 业有专精,2010-05-16
一道瑞星前端面试题,2010-05-15
一道瑞星前端面试题,2010-05-15
一道瑞星前端面试题,2010-05-14
一道瑞星前端面试题,2010-05-14
一道瑞星前端面试题,2010-05-13
一道瑞星前端面试题,2010-05-13
一道瑞星前端面试题,2010-05-13
一道瑞星前端面试题,2010-05-12
一道瑞星前端面试题,2010-05-12
一道瑞星前端面试题,2010-05-11
微软VS谷歌：如何不战而胜,2010-05-11
微软VS谷歌：如何不战而胜,2010-05-11
微软VS谷歌：如何不战而胜,2010-05-10
微软VS谷歌：如何不战而胜,2010-05-09
微软VS谷歌：如何不战而胜,2010-05-09
微软VS谷歌：如何不战而胜,2010-05-09
微软VS谷歌：如何不战而胜,2010-05-08
微软VS谷歌：如何不战而胜,2010-05-08
微软VS谷歌：如何不战而胜,2010-05-07
微软VS谷歌：如何不战而胜,2010-05-07
Web2.0时代的中小企业怎么做电子商务？,2010-05-07
Web2.0时代的中小企业怎么做电子商务？,2010-05-07
Web2.0时代的中小企业怎么做电子商务？,2010-05-07
Web2.0时代的中小企业怎么做电子商务？,2010-05-07
Web2.0时代的中小企业怎么做电子商务？,2010-05-07
Web2.0时代的中小企业怎么做电子商务？,2010-05-06
Web2.0时代的中小企业怎么做电子商务？,2010-05-06
Web2.0时代的中小企业怎么做电子商务？,2010-05-06
Web2.0时代的中小企业怎么做电子商务？,2010-05-05
Web2.0时代的中小企业怎么做电子商务？,2010-05-05
地方门户网站项目可行性分析,2010-05-05
地方门户网站项目可行性分析,2010-05-04
地方门户网站项目可行性分析,2010-05-03
地方门户网站项目可行性分析,2010-05-03
地方门户网站项目可行性分析,2010-05-03
地方门户网站项目可行性分析,2010-05-02
地方门户网站项目可行性分析,2010-05-01
地方门户网站项目可行性分析,2010-05-01
地方门户网站项目可行性分析,2010-04-30
地方门户网站项目可行性分析,2010-04-30
个人网站如何去推广,2010-04-30
个人网站如何去推广,2010-04-29
个人网站如何去推广,2010-04-29
个人网站如何去推广,2010-04-29
个人网站如何去推广,2010-04-29
个人网站如何去推广,2010-04-29
个人网站如何去推广,2010-04-29
个人网站如何去推广,2010-04-29
个人网站如何去推广,2010-04-29
个人网站如何去推广,2010-04-29
大前端登陆啦,2010-04-28
大前端登陆啦,2010-04-28
大前端登陆啦,2010-04-28
大前端登陆啦,2010-04-28
大前端登陆啦,2010-04-28
大前端登陆啦,2010-04-28
大前端登陆啦,2010-04-28
大前端登陆啦,2010-04-28
大前端登陆啦,2010-04-28
大前端登陆啦,2010-04-27
天悦网简介,2010-04-25
天悦网简介,2010-04-25
天悦网简介,2010-04-25
天悦网简介,2010-04-23
天悦网简介,2010-04-23
天悦网简介,2010-04-23
天悦网简介,2010-04-23
天悦网简介,2010-04-23
天悦网简介,2010-04-23
天悦网简介,2010-04-23
放大你的价值,2010-04-21
放大你的价值,2010-04-21
放大你的价值,2010-04-20
放大你的价值,2010-04-20
放大你的价值,2010-04-20
放大你的价值,2010-04-20
放大你的价值,2010-04-20
放大你的价值,2010-04-20
放大你的价值,2010-04-20
放大你的价值,2010-04-20
网站优化，不仅仅是为了节省流量！,2010-04-20
网站优化，不仅仅是为了节省流量！,2010-04-20
网站优化，不仅仅是为了节省流量！,2010-04-20
网站优化，不仅仅是为了节省流量！,2010-04-20
网站优化，不仅仅是为了节省流量！,2010-04-20
网站优化，不仅仅是为了节省流量！,2010-04-20
网站优化，不仅仅是为了节省流量！,2010-04-20
网站优化，不仅仅是为了节省流量！,2010-04-20
网站优化，不仅仅是为了节省流量！,2010-04-20
网站优化，不仅仅是为了节省流量！,2010-04-20
用户在网站内部页面上的行为,2010-04-20
用户在网站内部页面上的行为,2010-04-20
用户在网站内部页面上的行为,2010-04-20
用户在网站内部页面上的行为,2010-04-20
用户在网站内部页面上的行为,2010-04-19
用户在网站内部页面上的行为,2010-04-19
用户在网站内部页面上的行为,2010-04-19
用户在网站内部页面上的行为,2010-04-19
用户在网站内部页面上的行为,2010-04-19
用户在网站内部页面上的行为,2010-04-19
页内搜索功能源代码,2010-04-19
页内搜索功能源代码,2010-04-19
页内搜索功能源代码,2010-04-19
页内搜索功能源代码,2010-04-19
页内搜索功能源代码,2010-04-19
页内搜索功能源代码,2010-04-19
页内搜索功能源代码,2010-04-19
页内搜索功能源代码,2010-04-19
页内搜索功能源代码,2010-04-19
页内搜索功能源代码,2010-04-19
js小技巧集合,2010-04-19
js小技巧集合,2010-04-19
js小技巧集合,2010-04-19
js小技巧集合,2010-04-19
js小技巧集合,2010-04-19
js小技巧集合,2010-04-19
js小技巧集合,2010-04-19
js小技巧集合,2010-04-19
js小技巧集合,2010-04-19
js小技巧集合,2010-04-19
实用css小技巧,2010-04-19
实用css小技巧,2010-04-19
实用css小技巧,2010-04-19
实用css小技巧,2010-04-19
实用css小技巧,2010-04-19
实用css小技巧,2010-04-19
实用css小技巧,2010-04-19
实用css小技巧,2010-04-19
实用css小技巧,2010-04-19
实用css小技巧,2010-04-19
Div+CSS网页布局对网站搜索引擎优化的影响,2010-04-19
Div+CSS网页布局对网站搜索引擎优化的影响,2010-04-19
Div+CSS网页布局对网站搜索引擎优化的影响,2010-04-19
Div+CSS网页布局对网站搜索引擎优化的影响,2010-04-19
Div+CSS网页布局对网站搜索引擎优化的影响,2010-04-19
Div+CSS网页布局对网站搜索引擎优化的影响,2010-04-19
Div+CSS网页布局对网站搜索引擎优化的影响,2010-04-19
Div+CSS网页布局对网站搜索引擎优化的影响,2010-04-19
Div+CSS网页布局对网站搜索引擎优化的影响,2010-04-19
Div+CSS网页布局对网站搜索引擎优化的影响,2010-04-19
IE与Firefox的CSS兼容大全,2010-04-19
IE与Firefox的CSS兼容大全,2010-04-19
IE与Firefox的CSS兼容大全,2010-04-19
IE与Firefox的CSS兼容大全,2010-04-19
IE与Firefox的CSS兼容大全,2010-04-19
IE与Firefox的CSS兼容大全,2010-04-19
IE与Firefox的CSS兼容大全,2010-04-19
IE与Firefox的CSS兼容大全,2010-04-19
IE与Firefox的CSS兼容大全,2010-04-19
IE与Firefox的CSS兼容大全,2010-04-19
什么是web标准？创新并不在W3C的手中,2010-04-19
什么是web标准？创新并不在W3C的手中,2010-04-19
什么是web标准？创新并不在W3C的手中,2010-04-19
什么是web标准？创新并不在W3C的手中,2010-04-19
什么是web标准？创新并不在W3C的手中,2010-04-19
什么是web标准？创新并不在W3C的手中,2010-04-19
什么是web标准？创新并不在W3C的手中,2010-04-19
什么是web标准？创新并不在W3C的手中,2010-04-19
什么是web标准？创新并不在W3C的手中,2010-04-19
什么是web标准？创新并不在W3C的手中,2010-04-19
HTML层问题之如何能将文字至于视频上面？,2010-04-19
